日期,價平買權次週每日結算價,價平買權近週每日結算價,價平賣權次週每日結算價,價平賣權近週每日結算價,價平買權近週報酬,價平賣權近週報酬,價平買權近週報酬(金額),價平賣權近週報酬(金額),訊號,策略損益(金額)
2020/1/2,68,102,56,0.1,0,0,0,0,1,0
2020/1/3,,52,,56,-19,-3,-950,-150,1,-950
2020/1/6,,5.4,,147,-46.6,91,-2330,4550,1,-2330
2020/1/7,,0.6,,225,-4.8,78,-240,3900,1,-240
2020/1/8,136,0.1,99,260,-0.5,35,-25,1750,1,-25
2020/1/9,,247,,29,108,-73,5400,-3650,1,5400
2020/1/10,,284,,20,37,-9,1850,-450,1,1850
2020/1/13,,370,,1.5,86,-18.5,4300,-925,1,4300
2020/1/14,,431,,0.9,61,-0.6,3050,-30,1,3050
2020/1/15,101,313,86,0.1,-118,-0.8,-5900,-40,1,-5900
2020/1/16,,99,,84,-5,-5,-250,-250,1,-250
2020/1/17,,100,,66,1,-18,50,-900,1,50
2020/1/20,,120,,47.5,20,-18.5,1000,-925,1,1000
2020/1/30,186,0.2,95,615,-119.8,567.5,-5990,28375,1,-5990
2020/1/31,,228,,42.5,39,-55.5,1950,-2775,1,1950
2020/2/3,,115,,76,-113,33.5,-5650,1675,1,-5650
2020/2/4,,258,,7.9,143,-68.1,7150,-3405,1,7150
2020/2/5,149,260,96,0.1,2,-7.8,100,-390,1,100
2020/2/6,,278,,28.5,126,-70.5,6300,-3525,1,6300
2020/2/7,,161,,56,-117,27.5,-5850,1375,1,-5850
2020/2/10,,126,,44,-35,-12,-1750,-600,1,-1750
2020/2/11,,187,,8.4,61,-35.6,3050,-1780,1,3050
2020/2/12,110,293,90,0.2,106,-8.2,5300,-410,1,5300
2020/2/13,,105,,79,-8,-14,-400,-700,1,-400
2020/2/14,,108,,47,3,-32,150,-1600,1,150
2020/2/17,,61,,40.5,-47,-6.5,-2350,-325,1,-2350
2020/2/18,,8.2,,117,-52.8,76.5,-2640,3825,1,-2640
2020/2/19,105,10,80,0.1,1.8,-116.9,90,-5845,1,90
2020/2/20,,69,,92,-39,9,-1950,450,1,-1950
2020/2/21,,41.5,,116,-27.5,24,-1375,1200,1,-1375
2020/2/24,,5.1,,232,-36.4,116,-1820,5800,1,-1820
2020/2/25,,1.7,,202,-3.4,-30,-170,-1500,1,-170
2020/2/26,144,0.1,111,317,-1.6,115,-80,5750,1,-80
2020/2/27,,76,,187,-71,73,-3550,3650,1,-3550
2020/3/2,,17.5,,222,-58.5,35,-2925,1750,1,-2925
2020/3/3,,24.5,,89,7,-133,350,-6650,1,350
2020/3/4,138,0.1,110,21,-24.4,-68,-1220,-3400,1,-1220
2020/3/5,,202,,44.5,61,-68.5,3050,-3425,1,3050
2020/3/6,,84,,146,-118,101.5,-5900,5075,1,-5900
2020/3/9,,7.5,,385,-76.5,239,-3825,11950,1,-3825
2020/3/10,,1.3,,340,-6.2,-45,-310,-2250,1,-310
2020/3/11,200,0.2,178,443,-1.1,103,-55,5150,1,-55
2020/3/12,,32.5,,468,-170.5,287,-8525,14350,1,-8525
2020/3/13,,19.5,,785,-13,317,-650,15850,1,-650
2020/3/16,,1.5,,1120,-18,335,-900,16750,1,-900
2020/3/17,,0.1,,1430,-1.4,310,-70,15500,1,-70
2020/3/18,417,0.3,285,1490,0.2,60,10,3000,1,10
2020/3/19,,146,,565,-274,277,-13700,13850,1,-13700
2020/3/20,,370,,160,224,-405,11200,-20250,1,11200
2020/3/23,,141,,260,-229,100,-11450,5000,1,-11450
2020/3/24,,427,,9.5,286,-250.5,14300,-12525,1,14300
2020/3/25,308,715,194,0.2,288,-9.3,14400,-465,1,14400
2020/3/26,,324,,154,13,-43,650,-2150,1,650
2020/3/27,,251,,154,-73,0,-3650,0,1,-3650
2020/3/30,,203,,91,-48,-63,-2400,-3150,1,-2400
2020/3/31,,160,,34.5,-43,-56.5,-2150,-2825,1,-2150
2020/4/1,265,134,185,0.1,-26,-34.4,-1300,-1720,1,-1300
2020/4/6,,326,,16,58,-172,2900,-8600,1,2900
2020/4/7,,465,,1.4,139,-14.6,6950,-730,1,6950
2020/4/8,180,565,152,0.1,100,-1.3,5000,-65,1,5000
2020/4/9,,142,,142,-41,-13,-2050,-650,1,-2050
2020/4/10,,133,,99,-9,-43,-450,-2150,1,-450
2020/4/13,,82,,106,-51,7,-2550,350,1,-2550
2020/4/14,,250,,4.4,168,-101.6,8400,-5080,1,8400
2020/4/15,198,351,110,0.1,101,-4.3,5050,-215,1,5050
2020/4/16,,169,,101,-32,-12,-1600,-600,1,-1600
2020/4/17,,330,,26.5,161,-74.5,8050,-3725,1,8050
2020/4/20,,256,,22,-74,-4.5,-3700,-225,1,-3700
2020/4/21,,63,,84,-193,62,-9650,3100,1,-9650
2020/4/22,218,0.2,118,15,-62.8,-69,-3140,-3450,1,-3140
2020/4/23,,238,,64,17,-57,850,-2850,1,850
2020/4/24,,210,,59,-28,-5,-1400,-250,1,-1400
2020/4/27,,401,,5.2,191,-53.8,9550,-2690,1,9550
2020/4/28,,426,,0.8,25,-4.4,1250,-220,1,1250
2020/4/29,150,555,103,0.1,129,-0.7,6450,-35,1,6450
2020/4/30,,310,,27,157,-79,7850,-3950,1,7850
2020/5/4,,84,,115,-226,88,-11300,4400,1,-11300
2020/5/5,,104,,25,20,-90,1000,-4500,1,1000
2020/5/6,160,57,111,0.1,-47,-24.9,-2350,-1245,1,-2350
2020/5/7,,188,,63,25,-51,1250,-2550,1,1250
2020/5/8,,213,,38,25,-25,1250,-1250,1,1250
2020/5/11,,266,,10.5,53,-27.5,2650,-1375,1,2650
2020/5/12,,153,,7.4,-113,-3.1,-5650,-155,1,-5650
2020/5/13,131,174,117,0.1,21,-7.3,1050,-365,1,1050
2020/5/14,,56,,206,-78,86,-3900,4300,1,-3900
2020/5/15,,63,,143,7,-63,350,-3150,1,350
2020/5/18,,28,,165,-35,22,-1750,1100,1,-1750
2020/5/19,,35,,66,7,-99,350,-4950,1,350
2020/5/20,135,0.1,93,13,-34.9,-53,-1745,-2650,1,-1745
2020/5/21,,178,,46.5,40,-49.5,2000,-2475,1,2000
2020/5/22,,65,,125,-113,78.5,-5650,3925,1,-5650
2020/5/25,,61,,52,-4,-73,-200,-3650,1,-200
2020/5/26,,164,,6.7,103,-45.3,5150,-2265,1,5150
2020/5/27,139,160,86,0.1,-4,-6.6,-200,-330,1,-200
2020/5/28,,101,,108,-41,19,-2050,950,1,-2050
2020/5/29,,86,,91,-15,-17,-750,-850,1,-750
2020/6/1,,151,,21.5,65,-69.5,3250,-3475,1,3250
2020/6/2,,187,,6.5,36,-15,1800,-750,1,1800
2020/6/3,141,371,90,0.2,184,-6.3,9200,-315,1,9200
2020/6/4,,182,,56,38,-37,1900,-1850,1,1900
2020/6/5,,245,,20,63,-36,3150,-1800,1,3150
2020/6/8,,341,,4.7,96,-15.3,4800,-765,1,4800
2020/6/9,,380,,1.1,39,-3.6,1950,-180,1,1950
2020/6/10,127,463,123,0.1,83,-1,4150,-50,1,4150
2020/6/11,,34,,243,-96,117,-4800,5850,1,-4800
2020/6/12,,14,,323,-20,80,-1000,4000,1,-1000
2020/6/15,,1.8,,475,-12.2,152,-610,7600,1,-610
2020/6/16,,7.7,,183,5.9,-292,295,-14600,1,295
2020/6/17,217,0.2,66,179,-7.5,-4,-375,-200,1,-375
2020/6/18,,235,,42,15,-27,750,-1350,1,750
2020/6/19,,231,,27,-4,-15,-200,-750,1,-200
2020/6/22,,230,,13,-1,-14,-50,-700,1,-50
2020/6/23,,260,,3.2,30,-9.8,1500,-490,1,1500
2020/6/24,191,302,55,0.2,42,-3,2100,-150,1,2100
2020/6/29,,65,,85,-129,27,-6450,1350,1,-6450
2020/6/30,,102,,11,37,-74,1850,-3700,1,1850
2020/7/1,164,203,60,0.2,101,-10.8,5050,-540,1,5050
2020/7/2,,276,,23,109,-40,5450,-2000,1,5450
2020/7/3,,398,,10,122,-13,6100,-650,1,6100
2020/7/6,,615,,2.1,217,-7.9,10850,-395,1,10850
2020/7/7,,575,,0.6,-40,-1.5,-2000,-75,1,-2000
2020/7/8,138,655,110,0.1,80,-0.5,4000,-25,1,4000
2020/7/9,,136,,85,-5,-28,-250,-1400,1,-250
2020/7/10,,54,,159,-82,74,-4100,3700,1,-4100
2020/7/13,,135,,29.5,81,-129.5,4050,-6475,1,4050
2020/7/14,,109,,21,-26,-8.5,-1300,-425,1,-1300
2020/7/15,228,120,68,0.1,11,-20.9,550,-1045,1,550
2020/7/16,,177,,65,-54,-6,-2700,-300,1,-2700
2020/7/17,,164,,44.5,-13,-20.5,-650,-1025,1,-650
2020/7/20,,144,,25.5,-20,-19,-1000,-950,1,-1000
2020/7/21,,370,,1.8,226,-23.7,11300,-1185,1,11300
2020/7/22,186,401,63,0.2,31,-1.6,1550,-80,1,1550
2020/7/23,,160,,70,-29,4,-1450,200,1,-1450
2020/7/24,,88,,134,-72,64,-3600,3200,1,-3600
2020/7/27,,319,,15,231,-119,11550,-5950,1,11550
2020/7/28,,272,,11.5,-47,-3.5,-2350,-175,1,-2350
2020/7/29,205,229,97,0.1,-43,-11.4,-2150,-570,1,-2150
2020/7/30,,320,,47,112,-53,5600,-2650,1,5600
2020/7/31,,301,,45.5,-19,-1.5,-950,-75,1,-950
2020/8/3,,171,,43,-130,-2.5,-6500,-125,1,-6500
2020/8/4,,314,,2.1,143,-40.9,7150,-2045,1,7150
2020/8/5,176,393,85,0.1,79,-2,3950,-100,1,3950
2020/8/6,,237,,54,58,-34,2900,-1700,1,2900
2020/8/7,,170,,62,-67,8,-3350,400,1,-3350
2020/8/10,,221,,20,51,-42,2550,-2100,1,2550
2020/8/11,,97,,25,-124,5,-6200,250,1,-6200
2020/8/12,130,0.2,121,40.5,-96.8,15.5,-4840,775,1,-4840
2020/8/13,,155,,77,22,-47,1100,-2350,1,1100
2020/8/14,,183,,42.5,28,-34.5,1400,-1725,1,1400
2020/8/17,,311,,6.5,128,-36,6400,-1800,1,6400
2020/8/18,,230,,3.3,-81,-3.2,-4050,-160,1,-4050
2020/8/19,139,156,101,0.1,-74,-3.2,-3700,-160,1,-3700
2020/8/20,,18.5,,423,-123.5,319,-6175,15950,1,-6175
2020/8/21,,32,,187,13.5,-236,675,-11800,1,675
2020/8/24,,27.5,,137,-4.5,-50,-225,-2500,1,-225
2020/8/25,,61,,38,33.5,-99,1675,-4950,1,1675
2020/8/26,165,49.5,92,0.2,-11.5,-37.8,-575,-1890,1,-575
2020/8/27,,131,,94,-37,-1,-1850,-50,1,-1850
2020/8/28,,88,,115,-43,21,-2150,1050,1,-2150
2020/8/31,,28,,155,-60,40,-3000,2000,1,-3000
2020/9/1,,26.5,,67,-1.5,-88,-75,-4400,1,-75
2020/9/2,165,0.2,101,82,-26.3,15,-1315,750,1,-1315
2020/9/3,,174,,75,6,-29,300,-1450,1,300
2020/9/4,,98,,120,-76,45,-3800,2250,1,-3800
2020/9/7,,52,,102,-46,-18,-2300,-900,1,-2300
2020/9/8,,68,32,32,16,-70,800,-3500,1,800
2020/9/9,175,0.1,124,58,-67.9,26,-3395,1300,1,-3395
2020/9/10,,211,,63,33,-64,1650,-3200,1,1650
2020/9/11,,175,,61,-36,-2,-1800,-100,1,-1800
2020/9/14,,246,,11.5,71,-49.5,3550,-2475,1,3550
2020/9/15,,296,,2.8,50,-8.7,2500,-435,1,2500
2020/9/16,138,418,107,0.1,122,-2.7,6100,-135,1,6100
2020/9/17,,79,,128,-62,18,-3100,900,1,-3100
2020/9/18,,73,,100,-6,-28,-300,-1400,1,-300
2020/9/21,,16,,196,-57,96,-2850,4800,1,-2850
2020/9/22,,1.9,,276,-14.1,80,-705,4000,1,-705
2020/9/23,182,0.2,84,323,-1.7,47,-85,2350,-1,-85
2020/9/24,,23,,274,-162,187,-8100,9350,-1,9350
2020/9/25,,13,,271,-10,-3,-500,-150,-1,-150
2020/9/28,,42,,82,29,-189,1450,-9450,-1,-9450
2020/9/29,,23,,69,-19,-13,-950,-650,-1,-650
2020/9/30,150,28.5,94,0.1,5.5,-68.9,275,-3445,1,-3445
2020/10/5,,142,,30,-11,-67,-550,-3350,1,-550
2020/10/6,,256,,1.4,114,-28.6,5700,-1430,1,5700
2020/10/7,112,309,84,0.3,53,-1.1,2650,-55,1,2650
2020/10/8,,187,,41,72,-46,3600,-2300,1,3600
2020/10/12,,209,,9,22,-32,1100,-1600,1,1100
2020/10/13,,208,,2.6,-1,-6.4,-50,-320,1,-50
2020/10/14,135,150,94,0.1,-58,-2.5,-2900,-125,1,-2900
2020/10/15,,100,,106,-38,9,-1900,450,1,-1900
2020/10/16,,42.5,,143,-57.5,37,-2875,1850,1,-2875
2020/10/19,,85,,39,42.5,-104,2125,-5200,1,2125
2020/10/20,,46,40.5,40.5,-39,1.5,-1950,75,1,-1950
2020/10/21,134,10,82,0.1,-36,-40.4,-1800,-2020,1,-1800
2020/10/22,,146,,54,9,-31,450,-1550,1,450
2020/10/23,,126,,30,-20,-24,-1000,-1200,1,-1000
2020/10/26,,128,,16,2,-14,100,-700,1,100
2020/10/27,,80,,13,-48,-3,-2400,-150,1,-2400
2020/10/28,183,0.2,90,28.5,-79.8,15.5,-3990,775,1,-3990
2020/10/29,,101,,144,-85,51,-4250,2550,1,-4250
2020/10/30,,30.5,,251,-70.5,107,-3525,5350,1,-3525
2020/11/2,,38,,152,7.5,-99,375,-4950,1,375
2020/11/3,,86,,52,48,-100,2400,-5000,1,2400
2020/11/4,162,165,114,0.1,79,-51.9,3950,-2595,1,3950
2020/11/5,,140,,72,-25,-45,-1250,-2250,1,-1250
2020/11/6,,153,,48.5,13,-23.5,650,-1175,1,650
2020/11/9,,294,,4.8,141,-43.7,7050,-2185,1,7050
2020/11/10,,240,,2.3,-54,-2.5,-2700,-125,1,-2700
2020/11/11,127,399,116,0.3,159,-2,7950,-100,1,7950
2020/11/12,,91,,113,-39,-6,-1950,-300,1,-1950
2020/11/13,,105,,71,14,-42,700,-2100,1,700
2020/11/16,,334,,5,229,-66,11450,-3300,1,11450
2020/11/17,,375,,1.9,41,-3.1,2050,-155,1,2050
2020/11/18,132,510,99,0.2,135,-1.7,6750,-85,1,6750
2020/11/19,,139,,72,4,-30,200,-1500,1,200
2020/11/20,,121,,62,-18,-10,-900,-500,1,-900
2020/11/23,,212,,11.5,91,-50.5,4550,-2525,1,4550
2020/11/24,,129,,8.7,-83,-2.8,-4150,-140,1,-4150
2020/11/25,125,53,98,0.2,-76,-8.5,-3800,-425,1,-3800
2020/11/26,,186,,29,58,-72,2900,-3600,1,2900
2020/11/27,,208,,17.5,22,-11.5,1100,-575,1,1100
2020/11/30,,97,,44,-111,26.5,-5550,1325,1,-5550
2020/12/1,,196,,3.9,99,-40.1,4950,-2005,1,4950
2020/12/2,127,280,101,0.1,84,-3.8,4200,-190,1,4200
2020/12/3,,123,,72,-7,-32,-350,-1600,1,-350
2020/12/4,,232,,25.5,109,-46.5,5450,-2325,1,5450
2020/12/7,,312,,5.8,80,-19.7,4000,-985,1,4000
2020/12/8,,410,,1,98,-4.8,4900,-240,1,4900
2020/12/9,144,449,97,0.2,39,-0.8,1950,-40,1,1950
2020/12/10,,60,,170,-87,70,-4350,3500,1,-4350
2020/12/11,,41,,154,-19,-16,-950,-800,1,-950
2020/12/14,,16,,163,-25,9,-1250,450,1,-1250
2020/12/15,,1.2,,270,-14.8,107,-740,5350,1,-740
2020/12/16,180,0.1,63,27,-1.1,-243,-55,-12150,1,-55
2020/12/17,,180,,41,-3,-25,-150,-1250,1,-150
2020/12/18,,134,,52,-46,11,-2300,550,1,-2300
2020/12/21,,254,,7.3,120,-44.7,6000,-2235,1,6000
2020/12/22,,55,,75,-199,67.7,-9950,3385,1,-9950
2020/12/23,158,84,83,0.1,29,-74.9,1450,-3745,1,1450
2020/12/24,,220,,29,59,-57,2950,-2850,1,2950
2020/12/25,,261,,13.5,41,-15.5,2050,-775,1,2050
2020/12/28,,387,,4,126,-9.5,6300,-475,1,6300
2020/12/29,,405,,0.8,18,-3.2,900,-160,1,900
2020/12/30,143,540,78,0.3,135,-0.5,6750,-25,1,6750
2020/12/31,,170,,51,24,-30,1200,-1500,1,1200
2021/1/4,,306,,7.4,136,-43.6,6800,-2180,1,6800
2021/1/5,,411,,1.5,105,-5.9,5250,-295,1,5250
2021/1/6,171,335,136,0.2,-76,-1.3,-3800,-65,1,-3800
2021/1/7,,377,,32,203,-107,10150,-5350,1,10150
2021/1/8,,580,,16.5,203,-15.5,10150,-775,1,10150
2021/1/11,,660,,4.5,80,-12,4000,-600,1,4000
2021/1/12,,615,,2.2,-45,-2.3,-2250,-115,1,-2250
2021/1/13,180,860,168,0.1,245,-2.1,12250,-105,1,12250
2021/1/14,,146,,168,-37,-3,-1850,-150,1,-1850
2021/1/15,,88,,203,-58,35,-2900,1750,1,-2900
2021/1/18,,43,,186,-45,-17,-2250,-850,1,-2250
2021/1/19,,167,,26,124,-160,6200,-8000,1,6200
2021/1/20,226,16,143,0.1,-151,-25.9,-7550,-1295,1,-7550
2021/1/21,,498,,40.5,269,-105.5,13450,-5275,1,13450
2021/1/22,,354,,40,-144,-0.5,-7200,-25,1,-7200
2021/1/25,,287,,32,-67,-8,-3350,-400,1,-3350
2021/1/26,,70,,88,-217,56,-10850,2800,1,-10850
2021/1/27,194,49,153,0.1,-21,-87.9,-1050,-4395,1,-1050
2021/1/28,,67,,299,-130,143,-6500,7150,1,-6500
2021/1/29,,8.4,,550,-58.6,251,-2930,12550,1,-2930
2021/2/1,,16.5,,272,8.1,-278,405,-13900,1,405
2021/2/2,,144,,35,127.5,-237,6375,-11850,1,6375
2021/2/3,239,117,216,0.1,-27,-34.9,-1350,-1745,1,-1350
2021/2/4,,163,,217,-79,-2,-3950,-100,1,-3950
2021/2/5,,195,,143,32,-74,1600,-3700,1,1600
2021/2/17,222,580,134,0.3,385,-142.7,19250,-7135,1,19250
2021/2/18,,223,,101,-2,-36,-100,-1800,1,-100
2021/2/19,,166,,107,-57,6,-2850,300,1,-2850
2021/2/22,,190,,59,24,-48,1200,-2400,1,1200
2021/2/23,,211,,19.5,21,-39.5,1050,-1975,1,1050
2021/2/24,227,0.1,147,64,-210.9,44.5,-10545,2225,1,-10545
2021/2/25,,340,,52,110,-98,5500,-4900,1,5500
2021/2/26,,88,,244,-252,192,-12600,9600,1,-12600
2021/3/2,,16.5,,221,-71.5,-23,-3575,-1150,1,-3575
2021/3/3,220,33,162,0.1,16.5,-220.9,825,-11045,1,825
2021/3/4,,89,,280,-134,115,-6700,5750,1,-6700
2021/3/5,,48.5,,314,-40.5,34,-2025,1700,1,-2025
2021/3/8,,17,,321,-31.5,7,-1575,350,1,-1575
2021/3/9,,5.3,,299,-11.7,-22,-585,-1100,1,-585
2021/3/10,201,0.1,174,273,-5.2,-26,-260,-1300,1,-260
2021/3/11,,373,,55,169,-122,8450,-6100,1,8450
2021/3/12,,397,,21,24,-34,1200,-1700,1,1200
2021/3/15,,365,,12.5,-32,-8.5,-1600,-425,1,-1600
2021/3/16,,460,,1.6,95,-10.9,4750,-545,1,4750
2021/3/17,170,345,105,0.1,-115,-1.5,-5750,-75,1,-5750
2021/3/18,,194,,66,21,-42,1050,-2100,1,1050
2021/3/19,,68,,158,-126,92,-6300,4600,1,-6300
2021/3/22,,98,,77,30,-81,1500,-4050,1,1500
2021/3/23,,71,,56,-27,-21,-1350,-1050,1,-1350
2021/3/24,178,0.2,114,121,-70.8,65,-3540,3250,1,-3540
2021/3/25,,190,,76,9,-41,450,-2050,1,450
2021/3/26,,378,,15,188,-61,9400,-3050,1,9400
2021/3/29,,495,,5.7,117,-9.3,5850,-465,1,5850
2021/3/30,,590,,0.6,95,-5.1,4750,-255,1,4750
2021/3/31,144,494,90,0.1,-96,-0.5,-4800,-25,1,-4800
2021/4/1,,214,,41.5,67,-51.5,3350,-2575,1,3350
2021/4/6,,343,,0.7,129,-40.8,6450,-2040,1,6450
2021/4/7,142,390,101,0.1,47,-0.6,2350,-30,1,2350
2021/4/8,,225,,31.5,80,-72.5,4000,-3625,1,4000
2021/4/9,,159,,51,-66,19.5,-3300,975,1,-3300
2021/4/12,,133,,33,-26,-18,-1300,-900,1,-1300
2021/4/13,,90,,25,-43,-8,-2150,-400,1,-2150
2021/4/14,141,67,130,0.2,-23,-24.8,-1150,-1240,1,-1150
2021/4/15,,281,,58,137,-75,6850,-3750,1,6850
2021/4/16,,327,,21,46,-37,2300,-1850,1,2300
2021/4/19,,425,,5.3,98,-15.7,4900,-785,1,4900
2021/4/20,,475,,1.7,50,-3.6,2500,-180,1,2500
2021/4/21,195,381,115,0.2,-94,-1.5,-4700,-75,1,-4700
2021/4/22,,166,,119,-32,1,-1600,50,1,-1600
2021/4/23,,232,,47.5,66,-71.5,3300,-3575,1,3300
2021/4/26,,462,,6.8,230,-40.7,11500,-2035,1,11500
2021/4/27,,505,,1.1,43,-5.7,2150,-285,1,2150
2021/4/28,176,444,115,0.1,-61,-1,-3050,-50,1,-3050
2021/4/29,,172,,78,-7,-40,-350,-2000,1,-350
2021/5/3,,19,,233,-153,155,-7650,7750,1,-7650
2021/5/4,,0.9,,535,-18.1,302,-905,15100,1,-905
2021/5/5,222,0.1,183,610,-0.8,75,-40,3750,1,-40
2021/5/6,,297,,86,72,-100,3600,-5000,1,3600
2021/5/7,,560,,13.5,263,-72.5,13150,-3625,1,13150
2021/5/10,,500,,5.1,-60,-8.4,-3000,-420,1,-3000
2021/5/11,,49,,193,-451,187.9,-22550,9395,1,-22550
2021/5/12,429,0.5,332,855,-48.5,662,-2425,33100,1,-2425
2021/5/13,,259,,295,-173,-40,-8650,-2000,1,-8650
2021/5/14,,334,,168,75,-127,3750,-6350,1,3750
2021/5/17,,76,,414,-258,246,-12900,12300,1,-12900
2021/5/18,,565,,18.5,489,-395.5,24450,-19775,1,24450
2021/5/19,316,540,258,0.2,-25,-18.3,-1250,-915,1,-1250
2021/5/20,,260,,245,-59,-16,-2950,-800,1,-2950
2021/5/21,,402,,108,142,-137,7100,-6850,1,7100
2021/5/24,,385,,62,-17,-46,-850,-2300,1,-850
2021/5/25,,600,,5.1,215,-56.9,10750,-2845,1,10750
2021/5/26,214,635,172,0.2,35,-4.9,1750,-245,1,1750
2021/5/27,,163,,204,-54,29,-2700,1450,1,-2700
2021/5/28,,343,,62,180,-142,9000,-7100,1,9000
2021/5/31,,454,,20.5,111,-41.5,5550,-2075,1,5550
2021/6/1,,560,,2,106,-18.5,5300,-925,1,5300
2021/6/2,236,530,157,0.2,-30,-1.8,-1500,-90,1,-1500
2021/6/3,,290,,88,51,-72,2550,-3600,1,2550
2021/6/4,,201,,122,-89,34,-4450,1700,1,-4450
2021/6/7,,164,,99,-37,-23,-1850,-1150,1,-1850
2021/6/8,,112,,50,-52,-49,-2600,-2450,1,-2600
2021/6/9,184,0.1,173,103,-111.9,53,-5595,2650,1,-5595
2021/6/10,,274,,64,87,-112,4350,-5600,1,4350
2021/6/11,,301,,32,27,-32,1350,-1600,1,1350
2021/6/15,,450,,2.4,149,-29.6,7450,-1480,1,7450
2021/6/16,216,397,98,0.1,-53,-2.3,-2650,-115,1,-2650
2021/6/17,,253,,63,34,-38,1700,-1900,1,1700
2021/6/18,,201,,64,-52,1,-2600,50,1,-2600
2021/6/21,,47.5,,178,-153.5,114,-7675,5700,1,-7675
2021/6/22,,32,,99,-15.5,-79,-775,-3950,1,-775
2021/6/23,208,147,116,0.1,115,-98.9,5750,-4945,1,5750
2021/6/24,,231,,69,20,-50,1000,-2500,1,1000
2021/6/25,,280,,41,49,-28,2450,-1400,1,2450
2021/6/28,,354,,11,74,-30,3700,-1500,1,3700
2021/6/29,,358,,3.5,4,-7.5,200,-375,1,200
2021/6/30,172,491,108,0.2,133,-3.3,6650,-165,1,6650
2021/7/1,,134,,124,-41,13,-2050,650,1,-2050
2021/7/2,,113,,110,-21,-14,-1050,-700,1,-1050
2021/7/5,,245,,18.5,132,-91.5,6600,-4575,1,6600
2021/7/6,,225,,8.3,-20,-10.2,-1000,-510,1,-1000
2021/7/7,173,100,117,0.3,-125,-8,-6250,-400,1,-6250
2021/7/8,,153,,105,-23,-15,-1150,-750,1,-1150
2021/7/9,,65,,173,-88,68,-4400,3400,1,-4400
2021/7/12,,106,,70,41,-103,2050,-5150,1,2050
2021/7/13,,103,,34.5,-3,-35.5,-150,-1775,1,-150
2021/7/14,165,0.2,141,4.3,-102.8,-30.2,-5140,-1510,1,-5140
2021/7/15,,244,,72,76,-72,3800,-3600,1,3800
2021/7/16,,145,,70,-99,-2,-4950,-100,1,-4950
2021/7/19,,68,,124,-77,54,-3850,2700,1,-3850
2021/7/20,,4.2,,295,-63.8,171,-3190,8550,1,-3190
2021/7/21,288,0.4,118,420,-3.8,125,-190,6250,1,-190
2021/7/22,,319,,47,28,-74,1400,-3700,1,1400
2021/7/23,,313,,37.5,-6,-9.5,-300,-475,1,-300
2021/7/26,,153,,55,-160,17.5,-8000,875,1,-8000
2021/7/27,,85,,53,-68,-2,-3400,-100,1,-3400
2021/7/28,269,0.3,153,178,-84.7,125,-4235,6250,-1,-4235
2021/7/29,,485,,30,213,-126,10650,-6300,-1,-6300
2021/7/30,,358,,55,-127,25,-6350,1250,-1,1250
2021/8/2,,575,,5.9,217,-49.1,10850,-2455,-1,-2455
2021/8/3,,600,,1.8,25,-4.1,1250,-205,-1,-205
2021/8/4,174,655,108,655,55,653.2,2750,32660,1,32660
2021/8/5,,147,,104,-30,-7,-1500,-350,1,-1500
2021/8/6,,82,,143,-65,39,-3250,1950,1,-3250
2021/8/9,,41.5,,139,-40.5,-4,-2025,-200,1,-2025
2021/8/10,,3,,217,-38.5,78,-1925,3900,1,-1925
2021/8/11,169,0.1,146,379,-2.9,162,-145,8100,1,-145
2021/8/12,,143,,133,-29,-16,-1450,-800,1,-1450
2021/8/13,,39,,255,-104,122,-5200,6100,1,-5200
2021/8/16,,7,,388,-32,133,-1600,6650,1,-1600
2021/8/17,,1.4,,575,-5.6,187,-280,9350,1,-280
2021/8/18,194,0.1,123,362,-1.3,-213,-65,-10650,1,-65
2021/8/19,,47.5,,351,-149.5,225,-7475,11250,1,-7475
2021/8/20,,18,,463,-29.5,112,-1475,5600,1,-1475
2021/8/23,,127,,86,109,-377,5450,-18850,1,5450
2021/8/24,,157,,22,30,-64,1500,-3200,1,1500
2021/8/25,183,309,139,0.1,152,-21.9,7600,-1095,1,7600
2021/8/26,,198,,112,12,-30,600,-1500,1,600
2021/8/27,,297,,46,99,-66,4950,-3300,1,4950
2021/8/30,,425,,8.4,128,-37.6,6400,-1880,1,6400
2021/8/31,,530,,1.7,105,-6.7,5250,-335,1,5250
2021/9/1,174,545,121,0.2,15,-1.5,750,-75,1,750
2021/9/2,,84,,195,-93,71,-4650,3550,1,-4650
2021/9/3,,165,,91,81,-104,4050,-5200,1,4050
2021/9/6,,114,,62,-51,-29,-2550,-1450,1,-2550
2021/9/7,,52,,64,-62,2,-3100,100,1,-3100
2021/9/8,167,0.1,159,258,-51.9,194,-2595,9700,1,-2595
2021/9/9,,146,,156,-24,-6,-1200,-300,1,-1200
2021/9/10,,271,,43.5,125,-112.5,6250,-5625,1,6250
2021/9/13,,220,,30,-51,-13.5,-2550,-675,1,-2550
2021/9/14,,220,,9.5,0,-20.5,0,-1025,1,0
2021/9/15,156,132,102,0.1,-88,-9.4,-4400,-470,1,-4400
2021/9/16,,97,,117,-62,12,-3100,600,1,-3100
2021/9/17,,94,,79,-3,-38,-150,-1900,1,-150
2021/9/22,194,0.1,174,383,-93.9,304,-4695,15200,1,-4695
2021/9/23,,270,,65,73,-112,3650,-5600,1,3650
2021/9/24,,382,,21.5,112,-43.5,5600,-2175,1,5600
2021/9/27,,415,,6.3,33,-15.2,1650,-760,1,1650
2021/9/28,,292,,5.4,-123,-0.9,-6150,-45,1,-6150
2021/9/29,202,0.1,163,76,-291.9,70.6,-14595,3530,-1,-14595
2021/9/30,,240,,96,35,-70,1750,-3500,-1,-3500
2021/10/1,,46,,296,-194,200,-9700,10000,-1,10000
2021/10/4,,8.7,,418,-37.3,122,-1865,6100,-1,6100
2021/10/5,,1.9,,381,-6.8,-37,-340,-1850,-1,-1850
2021/10/6,198,0.1,172,438,-1.8,57,-90,2850,-1,2850
2021/10/7,,409,,50,208,-125,10400,-6250,-1,-6250
2021/10/8,,338,,53,-71,3,-3550,150,-1,150
2021/10/12,,130,,50,-208,-3,-10400,-150,-1,-150
2021/10/13,216,20,194,0.1,-110,-49.9,-5500,-2495,1,-2495
2021/10/14,,222,,118,3,-79,150,-3950,1,150
2021/10/15,,496,,15.5,274,-102.5,13700,-5125,1,13700
2021/10/18,,430,,9.3,-66,-6.2,-3300,-310,1,-3300
2021/10/19,,605,,1.4,175,-7.9,8750,-395,1,8750
2021/10/20,180,585,113,0.1,-20,-1.3,-1000,-65,1,-1000
2021/10/21,,119,,131,-64,15,-3200,750,1,-3200
2021/10/22,,120,,95,1,-36,50,-1800,1,50
2021/10/25,,116,,50,-4,-45,-200,-2250,1,-200
2021/10/26,,215,,7.1,99,-42.9,4950,-2145,1,4950
2021/10/27,151,207,114,0.1,-8,-7,-400,-350,1,-400
2021/10/28,,117,,111,-37,-6,-1850,-300,1,-1850
2021/10/29,,67,,151,-50,40,-2500,2000,1,-2500
2021/11/1,,102,,57,35,-94,1750,-4700,1,1750
2021/11/2,,55,,46.5,-47,-10.5,-2350,-525,1,-2350
2021/11/3,157,62,108,0.2,7,-46.3,350,-2315,1,350
2021/11/4,,127,,98,-33,-13,-1650,-650,1,-1650
2021/11/5,,253,,27,126,-71,6300,-3550,1,6300
2021/11/8,,378,,3.5,125,-23.5,6250,-1175,1,6250
2021/11/9,,500,,1.4,122,-2.1,6100,-105,1,6100
2021/11/10,125,500,120,0.3,0,-1.1,0,-55,1,0
2021/11/11,,75,,152,-53,29,-2650,1450,1,-2650
2021/11/12,,90,,96,15,-56,750,-2800,1,750
2021/11/15,,145,,29,55,-67,2750,-3350,1,2750
2021/11/16,,159,,7.3,14,-21.7,700,-1085,1,700
2021/11/17,123,172,93,0.2,13,-7.1,650,-355,1,650
2021/11/18,,175,,56,49,-40,2450,-2000,1,2450
2021/11/19,,160,,50,-15,-6,-750,-300,1,-750
2021/11/22,,132,,39,-28,-11,-1400,-550,1,-1400
2021/11/23,,14.5,,92,-117.5,53,-5875,2650,1,-5875
2021/11/24,137,0.1,95,100,-14.4,8,-720,400,1,-720
2021/11/25,,122,,82,-18,-16,-900,-800,1,-900
2021/11/26,,13,,308,-109,226,-5450,11300,1,-5450
2021/11/29,,5.6,,330,-7.4,22,-370,1100,1,-370
2021/11/30,,2,,300,-3.6,-30,-180,-1500,1,-180
2021/12/1,174,0.3,125,35,-1.7,-265,-85,-13250,1,-85
2021/12/2,,245,,78,68,-50,3400,-2500,1,3400
2021/12/3,,232,,64,-13,-14,-650,-700,1,-650
2021/12/6,,200,,40,-32,-24,-1600,-1200,1,-1600
2021/12/7,,274,,5.3,74,-34.7,3700,-1735,1,3700
2021/12/8,137,331,134,0.3,57,-5,2850,-250,1,2850
2021/12/9,,145,,85,5,-52,250,-2600,1,250
2021/12/10,,85,,117,-60,32,-3000,1600,1,-3000
2021/12/13,,30.5,,127,-54.5,10,-2725,500,1,-2725
2021/12/14,,2.7,,253,-27.8,126,-1390,6300,1,-1390
2021/12/15,178,0.1,99,221,-2.6,-32,-130,-1600,1,-130
2021/12/16,,302,,23.5,121,-78.5,6050,-3925,1,6050
2021/12/17,,286,,30,-16,6.5,-800,325,1,-800
2021/12/20,,128,,70,-158,40,-7900,2000,1,-7900
2021/12/21,,270,,4.2,142,-65.8,7100,-3290,1,7100
2021/12/22,140,266,84,0.1,-4,-4.1,-200,-205,1,-200
2021/12/23,,212,,39.5,69,-47.5,3450,-2375,1,3450
2021/12/24,,198,,24,-14,-15.5,-700,-775,1,-700
2021/12/27,,290,,6.2,92,-17.8,4600,-890,1,4600
2021/12/28,,415,,1.3,125,-4.9,6250,-245,1,6250
2021/12/29,137,470,95,0.1,55,-1.2,2750,-60,1,2750
2021/12/30,,86,,103,-54,5,-2700,250,1,-2700
2022/1/3,,82,,44.5,-4,-58.5,-200,-2925,1,-200
2022/1/4,,280,,2.8,198,-41.7,9900,-2085,1,9900
2022/1/5,146,216,104,0.1,-64,-2.7,-3200,-135,1,-3200
2022/1/6,,72,,173,-77,66,-3850,3300,1,-3850
2022/1/7,,20,,312,-52,139,-2600,6950,1,-2600
2022/1/10,,16.5,,198,-3.5,-114,-175,-5700,1,-175
2022/1/11,,7,,163,-9.5,-35,-475,-1750,1,-475
2022/1/12,153,0.3,127,133,-6.7,-30,-335,-1500,1,-335
2022/1/13,,171,,96,15,-34,750,-1700,1,750
2022/1/14,,108,,96,-63,0,-3150,0,1,-3150
2022/1/17,,185,,25.5,77,-70.5,3850,-3525,1,3850
2022/1/18,,56,,58,-129,32.5,-6450,1625,1,-6450
2022/1/19,217,0.1,144,132,-55.9,74,-2795,3700,-1,-2795
2022/1/20,,230,,78,10,-69,500,-3450,-1,-3450
2022/1/21,,55,,232,-175,154,-8750,7700,-1,7700
2022/1/24,,40,,154,-15,-78,-750,-3900,-1,-3900
2022/1/25,,2.7,,400,-37.3,246,-1865,12300,-1,12300
2022/1/26,264,0.2,219,387,-2.5,-13,-125,-650,1,-650
2022/2/7,124,281,65,0.2,14,-221.8,700,-11090,1,700
2022/2/8,,120,,20.5,-7,-47.5,-350,-2375,1,-350
2022/2/9,134,296,116,0.1,176,-20.4,8800,-1020,1,8800
2022/2/10,,235,,47,98,-72,4900,-3600,1,4900
2022/2/11,,196,,72,-39,25,-1950,1250,1,-1950
2022/2/14,,37,,213,-159,141,-7950,7050,1,-7950
2022/2/15,,9.5,,206,-27.5,-7,-1375,-350,1,-1375
2022/2/16,172,55,125,0.1,45.5,-205.9,2275,-10295,1,2275
2022/2/17,,178,,109,3,-19,150,-950,1,150
2022/2/18,,154,,103,-24,-6,-1200,-300,1,-1200
2022/2/21,,119,,78,-35,-25,-1750,-1250,1,-1750
2022/2/22,,4,,290,-115,212,-5750,10600,1,-5750
2022/2/23,189,0.1,117,124,-3.9,-166,-195,-8300,1,-195
2022/2/24,,24,,478,-168,358,-8400,17900,1,-8400
2022/2/25,,13.5,,372,-10.5,-106,-525,-5300,1,-525
2022/3/1,,31,,102,17.5,-270,875,-13500,1,875
2022/3/2,215,0.2,148,104,-30.8,2,-1540,100,1,-1540
2022/3/3,,252,,101,34,-50,1700,-2500,1,1700
2022/3/4,,104,,208,-148,107,-7400,5350,1,-7400
2022/3/7,,3.6,,700,-100.4,492,-5020,24600,1,-5020
2022/3/8,,0.8,,1040,-2.8,340,-140,17000,1,-140
2022/3/9,253,0.1,201,750,-0.7,-290,-35,-14500,1,-35
2022/3/10,,600,,54,344,-150,17200,-7500,1,17200
2022/3/11,,399,,77,-201,23,-10050,1150,1,-10050
2022/3/14,,366,,32,-33,-45,-1650,-2250,1,-1650
2022/3/15,,86,,102,-280,70,-14000,3500,1,-14000
2022/3/16,264,37,196,0.1,-49,-101.9,-2450,-5095,-1,-2450
2022/3/17,,605,,28.5,338,-170.5,16900,-8525,-1,-8525
2022/3/18,,545,,25,-60,-3.5,-3000,-175,-1,-175
2022/3/21,,625,,5.7,80,-19.3,4000,-965,-1,-965
2022/3/22,,655,,1,30,-4.7,1500,-235,-1,-235
2022/3/23,147,805,123,0.1,150,-0.9,7500,-45,1,-45
2022/3/24,,117,,125,-33,-1,-1650,-50,1,-1650
2022/3/25,,80,,133,-37,8,-1850,400,1,-1850
2022/3/28,,7.5,,251,-72.5,118,-3625,5900,1,-3625
2022/3/29,,6.3,,141,-1.2,-110,-60,-5500,1,-60
2022/3/30,153,58,97,0.1,51.7,-140.9,2585,-7045,1,2585
2022/3/31,,95,,132,-61,32,-3050,1600,1,-3050
2022/4/1,,39.5,,162,-55.5,30,-2775,1500,1,-2775
2022/4/6,154,0.1,133,188,-39.4,26,-1970,1300,1,-1970
2022/4/7,,26,,370,-131,234,-6550,11700,1,-6550
2022/4/8,,39,,224,13,-146,650,-7300,1,650
2022/4/11,,3.1,,442,-35.9,218,-1795,10900,1,-1795
2022/4/12,,0.7,,490,-2.4,48,-120,2400,1,-120
2022/4/13,158,0.1,142,189,-0.6,-301,-30,-15050,1,-30
2022/4/14,,139,,140,-22,-5,-1100,-250,1,-1100
2022/4/15,,18,,338,-121,198,-6050,9900,1,-6050
2022/4/18,,4.7,,420,-13.3,82,-665,4100,1,-665
2022/4/19,,1.2,,300,-3.5,-120,-175,-6000,1,-175
2022/4/20,175,0.1,131,175,-1.1,-125,-55,-6250,-1,-55
2022/4/21,,184,,91,6,-43,300,-2150,-1,-2150
2022/4/22,,92,,127,-92,36,-4600,1800,-1,1800
2022/4/25,,4.2,,453,-87.8,326,-4390,16300,-1,16300
2022/4/26,,1.2,,435,-3,-18,-150,-900,-1,-900
2022/4/27,220,0.1,158,750,-1.1,315,-55,15750,-1,15750
2022/4/28,,264,,111,41,-50,2050,-2500,-1,-2500
2022/4/29,,386,,39,122,-72,6100,-3600,-1,-3600
2022/5/3,,267,,16,-119,-23,-5950,-1150,-1,-1150
2022/5/4,196,291,161,0.1,24,-15.9,1200,-795,-1,-795
2022/5/5,,261,,56,62,-108,3100,-5400,-1,-5400
2022/5/6,,74,,201,-187,145,-9350,7250,-1,7250
2022/5/9,,4.3,,456,-69.7,255,-3485,12750,-1,12750
2022/5/10,,1.4,,435,-2.9,-21,-145,-1050,-1,-1050
2022/5/11,193,0.2,184,473,-1.2,38,-60,1900,-1,1900
2022/5/12,,46.5,,418,-149.5,231,-7475,11550,-1,11550
2022/5/13,,71,,222,24.5,-196,1225,-9800,-1,-9800
2022/5/16,,64,,141,-7,-81,-350,-4050,-1,-4050
2022/5/17,,106,,29,42,-112,2100,-5600,-1,-5600
2022/5/18,205,301,123,0.1,195,-28.9,9750,-1445,1,-1445
2022/5/19,,75,,272,-133,146,-6650,7300,1,-6650
2022/5/20,,141,,121,66,-151,3300,-7550,1,3300
2022/5/23,,130,,100,-11,-21,-550,-1050,1,-550
2022/5/24,,10,,193,-120,93,-6000,4650,1,-6000
2022/5/25,184,5,140,0.2,-5,-192.8,-250,-9640,1,-250
2022/5/26,,116,,184,-71,41,-3550,2050,1,-3550
2022/5/27,,250,,44.5,134,-139.5,6700,-6975,1,6700
2022/5/30,,540,,3.2,290,-41.3,14500,-2065,1,14500
2022/5/31,,660,,1.1,120,-2.1,6000,-105,1,6000
2022/6/1,164,665,134,0.1,5,-1,250,-50,1,250
2022/6/2,,114,,158,-53,21,-2650,1050,1,-2650
2022/6/6,,103,,74,-11,-84,-550,-4200,1,-550
2022/6/7,,17,,129,-86,55,-4300,2750,1,-4300
2022/6/8,171,59,127,0.1,42,-128.9,2100,-6445,1,2100
2022/6/9,,123,,138,-51,8,-2550,400,1,-2550
2022/6/10,,68,,195,-55,57,-2750,2850,1,-2750
2022/6/13,,2.8,,550,-65.2,355,-3260,17750,1,-3260
2022/6/14,,1.3,,550,-1.5,0,-75,0,1,-75
2022/6/15,495,0.2,75,540,-1.1,-10,-55,-500,-1,-55
2022/6/16,,367,,86,-131,8,-6550,400,-1,400
2022/6/17,,207,,123,-160,37,-8000,1850,-1,1850
2022/6/20,,65,,156,-142,33,-7100,1650,-1,1650
2022/6/21,,227,,11,162,-145,8100,-7250,-1,-7250
2022/6/22,348,0.1,108,112,-226.9,101,-11345,5050,-1,5050
2022/6/23,,288,,120,-63,9,-3150,450,-1,450
2022/6/24,,340,,60,52,-60,2600,-3000,-1,-3000
2022/6/27,,510,,6.5,170,-53.5,8500,-2675,-1,-2675
2022/6/28,,425,,2.4,-85,-4.1,-4250,-205,-1,-205
2022/6/29,244,261,128,0.1,-164,-2.3,-8200,-115,-1,-115
2022/6/30,,74,,350,-173,219,-8650,10950,-1,10950
2022/7/1,,8.8,,735,-65.2,385,-3260,19250,-1,19250
2022/7/4,,2.4,,750,-6.4,15,-320,750,-1,750
2022/7/5,,1,,665,-1.4,-85,-70,-4250,-1,-4250
2022/7/6,310,0.4,180,1050,-0.6,385,-30,19250,-1,19250
2022/7/7,,490,,57,177,-126,8850,-6300,-1,-6300
2022/7/8,,600,,21.5,110,-35.5,5500,-1775,-1,-1775
2022/7/11,,525,,9.9,-75,-11.6,-3750,-580,-1,-580
2022/7/12,,204,,38,-321,28.1,-16050,1405,-1,1405
2022/7/13,217,580,191,0.2,376,-37.8,18800,-1890,-1,-1890
2022/7/14,,247,,114,27,-80,1350,-4000,-1,-4000
2022/7/15,,275,,51,28,-63,1400,-3150,-1,-3150
2022/7/18,,400,,8,125,-43,6250,-2150,-1,-2150
2022/7/19,,432,,1.5,32,-6.5,1600,-325,-1,-325
2022/7/20,236,462,114,0.1,30,-1.4,1500,-70,-1,-70
2022/7/21,,304,,47,65,-70,3250,-3500,-1,-3500
2022/7/22,,296,,34,-8,-13,-400,-650,-1,-650
2022/7/25,,319,,13.5,23,-20.5,1150,-1025,-1,-1025
2022/7/26,,216,,8.4,-103,-5.1,-5150,-255,-1,-255
2022/7/27,215,286,115,0.1,70,-8.3,3500,-415,-1,-415
2022/7/28,,222,,78,4,-40,200,-2000,-1,-2000
2022/7/29,,276,,30,54,-48,2700,-2400,-1,-2400
2022/8/1,,213,,28.5,-63,-1.5,-3150,-75,-1,-75
2022/8/2,,65,,119,-148,90.5,-7400,4525,-1,4525
2022/8/3,199,0.1,160,43,-64.9,-76,-3245,-3800,-1,-3800
2022/8/4,,170,,148,-32,-15,-1600,-750,-1,-750
2022/8/5,,405,,23,235,-125,11750,-6250,-1,-6250
2022/8/8,,349,,10.5,-56,-12.5,-2800,-625,-1,-625
2022/8/9,,390,,1.4,41,-9.1,2050,-455,-1,-455
2022/8/10,166,295,140,0.3,-95,-1.1,-4750,-55,-1,-55
2022/8/11,,362,,23,193,-120,9650,-6000,-1,-6000
2022/8/12,,432,,8.1,70,-14.9,3500,-745,-1,-745
2022/8/15,,540,,2.1,108,-6,5400,-300,-1,-300
2022/8/16,,580,,0.7,40,-1.4,2000,-70,-1,-70
2022/8/17,164,600,85,0.1,20,-0.6,1000,-30,-1,-30
2022/8/18,,115,,99,-52,11,-2600,550,-1,550
2022/8/19,,118,,64,3,-35,150,-1750,-1,-1750
2022/8/22,,20.5,,143,-97.5,79,-4875,3950,-1,3950
2022/8/23,,0.9,,270,-19.6,127,-980,6350,-1,6350
2022/8/24,173,0.1,99,253,-0.8,-17,-40,-850,-1,-850
2022/8/25,,249,,37.5,73,-64.5,3650,-3225,-1,-3225
2022/8/26,,289,,20,40,-17.5,2000,-875,-1,-875
2022/8/29,,33,,169,-256,149,-12800,7450,-1,7450
2022/8/30,,43.5,,52,10.5,-117,525,-5850,-1,-5850
2022/8/31,192,78,119,0.2,34.5,-51.8,1725,-2590,-1,-2590
2022/9/1,,62,,287,-133,165,-6650,8250,-1,8250
2022/9/2,,20,,381,-42,94,-2100,4700,-1,4700
2022/9/5,,3.6,,356,-16.4,-25,-820,-1250,-1,-1250
2022/9/6,,1.6,,333,-2,-23,-100,-1150,-1,-1150
2022/9/7,186,0.2,144,585,-1.4,252,-70,12600,-1,12600
2022/9/8,,272,,50,83,-97,4150,-4850,-1,-4850
2022/9/12,,475,,3.2,203,-46.8,10150,-2340,-1,-2340
2022/9/13,,555,,0.7,80,-2.5,4000,-125,-1,-125
2022/9/14,179,316,151,0.1,-239,-0.6,-11950,-30,-1,-30
2022/9/15,,189,,98,7,-56,350,-2800,-1,-2800
2022/9/16,,86,,152,-103,54,-5150,2700,-1,2700
2022/9/19,,33.5,,165,-52.5,13,-2625,650,-1,650
2022/9/20,,56,,45,22.5,-120,1125,-6000,-1,-6000
2022/9/21,201,0.1,170,148,-55.9,103,-2795,5150,-1,5150
2022/9/22,,70,,212,-134,39,-6700,1950,-1,1950
2022/9/23,,19.5,,281,-50.5,69,-2525,3450,-1,3450
2022/9/26,,1.9,,615,-17.6,334,-880,16700,-1,16700
2022/9/27,,0.6,,570,-1.3,-45,-65,-2250,-1,-2250
2022/9/28,197,0.2,175,900,-0.4,330,-20,16500,-1,16500
2022/9/29,,172,,143,-28,-35,-1400,-1750,-1,-1750
2022/9/30,,101,,195,-71,52,-3550,2600,-1,2600
2022/10/3,,37.5,,224,-63.5,29,-3175,1450,-1,1450
2022/10/4,,125,,29.5,87.5,-194.5,4375,-9725,-1,-9725
2022/10/5,145,322,130,0.1,197,-29.4,9850,-1470,-1,-1470
2022/10/6,,174,,93,26,-40,1300,-2000,-1,-2000
2022/10/7,,72,,178,-102,85,-5100,4250,-1,4250
2022/10/11,,0.9,,690,-71.1,512,-3555,25600,-1,25600
2022/10/12,212,0.2,188,710,-0.7,20,-35,1000,-1,1000
2022/10/13,,113,,296,-102,105,-5100,5250,-1,5250
2022/10/14,,213,,95,100,-201,5000,-10050,-1,-10050
2022/10/17,,72,,146,-141,51,-7050,2550,-1,2550
2022/10/18,,102,,52,30,-94,1500,-4700,-1,-4700
2022/10/19,195,0.1,168,51,-101.9,-1,-5095,-50,-1,-50
2022/10/20,,137,,177,-61,6,-3050,300,-1,300
2022/10/21,,83,,214,-54,37,-2700,1850,-1,1850
2022/10/24,,77,,141,-6,-73,-300,-3650,-1,-3650
2022/10/25,,6,,270,-71,129,-3550,6450,-1,6450
2022/10/26,188,0.1,150,209,-5.9,-61,-295,-3050,-1,-3050
2022/10/27,,316,,52,125,-101,6250,-5050,-1,-5050
2022/10/28,,165,,91,-151,39,-7550,1950,-1,1950
2022/10/31,,260,,16.5,95,-74.5,4750,-3725,-1,-3725
2022/11/1,,340,,2.4,80,-14.1,4000,-705,-1,-705
2022/11/2,187,386,141,0.2,46,-2.2,2300,-110,-1,-110
2022/11/3,,89,,171,-101,27,-5050,1350,-1,1350
2022/11/4,,99,,111,10,-60,500,-3000,-1,-3000
2022/11/7,,201,,18.5,102,-92.5,5100,-4625,-1,-4625
2022/11/8,,282,,2.9,81,-15.6,4050,-780,-1,-780
2022/11/9,169,565,124,0.1,283,-2.8,14150,-140,-1,-140
2022/11/10,,109,,175,-63,48,-3150,2400,-1,2400
2022/11/11,,515,,9.2,406,-165.8,20300,-8290,-1,-8290
2022/11/14,,580,,2.7,65,-6.5,3250,-325,-1,-325
2022/11/15,,980,,1.1,400,-1.6,20000,-80,-1,-80
2022/11/16,240,945,162,0.3,-35,-0.8,-1750,-40,-1,-40
2022/11/17,,212,,111,-31,-54,-1550,-2700,-1,-2700
2022/11/18,,163,,115,-49,4,-2450,200,-1,200
2022/11/21,,96,,84,-67,-31,-3350,-1550,-1,-1550
2022/11/22,,112,,25.5,16,-58.5,800,-2925,-1,-2925
2022/11/23,160,171,126,0.2,59,-25.3,2950,-1265,-1,-1265
2022/11/24,,259,,47,96,-82,4800,-4100,-1,-4100
2022/11/25,,204,,57,-55,10,-2750,500,-1,500
2022/11/28,,42.5,,126,-161.5,69,-8075,3450,-1,3450
2022/11/29,,118,,19,75.5,-107,3775,-5350,-1,-5350
2022/11/30,179,231,144,0.2,113,-18.8,5650,-940,1,-940
2022/12/1,,279,,54,97,-93,4850,-4650,1,4850
2022/12/2,,195,,66,-84,12,-4200,600,1,-4200
2022/12/5,,203,,25.5,8,-40.5,400,-2025,1,400
2022/12/6,,32.5,,104,-170.5,78.5,-8525,3925,1,-8525
2022/12/7,198,0.2,147,130,-32.3,26,-1615,1300,-1,-1615
2022/12/8,,118,,188,-83,38,-4150,1900,-1,1900
2022/12/9,,211,,75,93,-113,4650,-5650,-1,-5650
2022/12/12,,117,,102,-94,27,-4700,1350,-1,1350
2022/12/13,,89,,138,-28,36,-1400,1800,-1,1800
2022/12/14,173,125,161,0.1,36,-137.9,1800,-6895,-1,-6895
2022/12/15,,127,,114,-49,-50,-2450,-2500,-1,-2500
2022/12/16,,24,,263,-103,149,-5150,7450,-1,7450
2022/12/19,,6.5,,299,-17.5,36,-875,1800,-1,1800
2022/12/20,,0.9,,550,-5.6,251,-280,12550,-1,12550
2022/12/21,159,0.1,117,480,-0.8,-70,-40,-3500,-1,-3500
2022/12/22,,291,,37,129,-83,6450,-4150,-1,-4150
2022/12/23,,143,,72,-148,35,-7400,1750,-1,1750
2022/12/26,,150,,28,7,-44,350,-2200,-1,-2200
2022/12/27,,190,,7.5,40,-20.5,2000,-1025,-1,-1025
2022/12/28,147,0.2,113,19.5,-189.8,12,-9490,600,-1,600
2022/12/29,,94,,132,-56,16,-2800,800,-1,800
2022/12/30,,123,,70,29,-62,1450,-3100,-1,-3100
2023/1/3,,158,,11,35,-59,1750,-2950,-1,-2950
2023/1/4,156,123,120,0.1,-35,-10.9,-1750,-545,-1,-545
2023/1/5,,182,,69,23,-54,1150,-2700,-1,-2700
2023/1/6,,218,,44.5,36,-24.5,1800,-1225,-1,-1225
2023/1/9,,575,,3.2,357,-41.3,17850,-2065,-1,-2065
2023/1/10,,615,,1,40,-2.2,2000,-110,-1,-110
2023/1/11,216,555,175,0.3,-60,-0.7,-3000,-35,1,-35
2023/1/12,,210,,193,-9,15,-450,750,1,-450
2023/1/13,,213,,130,3,-63,150,-3150,1,150
2023/1/16,,262,,76,49,-54,2450,-2700,1,2450
2023/1/17,,246,,66,-16,-10,-800,-500,1,-800
2023/1/30,117,700,56,0.3,454,-65.7,22700,-3285,1,22700
2023/1/31,,11,,139,-109,80,-5450,4000,1,-5450
2023/2/1,165,0.3,121,41,-10.7,-98,-535,-4900,-1,-535
2023/2/2,,278,,35.5,110,-88.5,5500,-4425,-1,-4425
2023/2/3,,266,,28,-12,-7.5,-600,-375,-1,-375
2023/2/6,,111,,46.5,-155,18.5,-7750,925,-1,925
2023/2/7,,87,,30.5,-24,-16,-1200,-800,-1,-800
2023/2/8,141,266,136,0.3,179,-30.2,8950,-1510,1,-1510
2023/2/9,,121,,123,-23,-16,-1150,-800,1,-1150
2023/2/10,,107,,131,-14,8,-700,400,1,-700
2023/2/13,,74,,141,-33,10,-1650,500,1,-1650
2023/2/14,,122,,65,48,-76,2400,-3800,1,2400
2023/2/15,109,0.1,176,202,-121.9,137,-6095,6850,1,-6095
2023/2/16,,174,68,68,62,-111,3100,-5550,1,3100
2023/2/17,,95,99,99,-79,31,-3950,1550,1,-3950
2023/2/20,,122,33,33,27,-66,1350,-3300,1,1350
2023/2/21,,114,18.5,18.5,-8,-14.5,-400,-725,1,-400
2023/2/22,141,0.2,103,16.5,-113.8,-2,-5690,-100,1,-5690
2023/2/23,,291,,25.5,147,-80.5,7350,-4025,1,7350
2023/2/24,,229,,23.5,-62,-2,-3100,-100,1,-3100
2023/3/1,268,244,56,0.1,15,-23.4,750,-1170,1,750
2023/3/2,,254,,44.5,-17,-14.5,-850,-725,1,-850
2023/3/3,,302,,23,48,-21.5,2400,-1075,1,2400
2023/3/6,,440,,3.6,138,-19.4,6900,-970,1,6900
2023/3/7,,525,,1.2,85,-2.4,4250,-120,1,4250
2023/3/8,147,460,113,0.2,-65,-1,-3250,-50,1,-3250
2023/3/9,,124,,108,-26,-8,-1300,-400,1,-1300
2023/3/10,,23.5,,295,-100.5,187,-5025,9350,1,-5025
2023/3/13,,17,,249,-6.5,-46,-325,-2300,1,-325
2023/3/14,,2.2,,401,-14.8,152,-740,7600,1,-740
2023/3/15,116,0.2,171,346,-2,-55,-100,-2750,-1,-100
2023/3/16,,155,,106,36,-68,1800,-3400,-1,-3400
2023/3/17,,49,,179,-106,73,-5300,3650,-1,3650
2023/3/20,,41,,142,-8,-37,-400,-1850,-1,-1850
2023/3/21,,8.1,,197,-32.9,55,-1645,2750,-1,2750
2023/3/22,164,0.1,126,444,-8,247,-400,12350,1,12350
2023/3/23,,219,,63,52,-66,2600,-3300,1,2600
2023/3/24,,267,,29,48,-34,2400,-1700,1,2400
2023/3/27,,181,,25,-86,-4,-4300,-200,1,-4300
2023/3/28,,56,,46,-125,21,-6250,1050,1,-6250
2023/3/29,156,49,101,0.1,-7,-45.9,-350,-2295,1,-350
2023/3/30,,199,,60,40,-44,2000,-2200,1,2000
2023/3/31,,219,,38.5,20,-21.5,1000,-1075,1,1000
2023/4/6,121,95,96,0.2,-124,-38.3,-6200,-1915,1,-6200
2023/4/7,,137,,52,13,-47,650,-2350,1,650
2023/4/10,,144,,23.5,7,-28.5,350,-1425,1,350
2023/4/11,,189,,5.7,45,-17.8,2250,-890,1,2250
2023/4/12,131,182,104,0.2,-7,-5.5,-350,-275,1,-350
2023/4/13,,59,,143,-75,36,-3750,1800,1,-3750
2023/4/14,,105,,56,46,-87,2300,-4350,1,2300
2023/4/17,,101,,30.5,-4,-25.5,-200,-1275,1,-200
2023/4/18,,38.5,,48,-62.5,17.5,-3125,875,1,-3125
2023/4/19,137,0.3,97,125,-38.2,77,-1910,3850,-1,-1910
2023/4/20,,99,,110,-41,10,-2050,500,-1,500
2023/4/21,,28,,156,-71,46,-3550,2300,-1,2300
2023/4/24,,12,,147,-16,-9,-800,-450,-1,-450
2023/4/25,,1,,371,-11,224,-550,11200,-1,11200
2023/4/26,125,0.2,100,370,-0.8,-1,-40,-50,-1,-50
2023/4/27,,136,,61,8,-42,400,-2100,-1,-2100
2023/4/28,,235,,15,99,-46,4950,-2300,-1,-2300
2023/5/2,,333,,1.6,98,-13.4,4900,-670,-1,-670
2023/5/3,117,268,121,0.2,-65,-1.4,-3250,-70,-1,-70
2023/5/4,,134,,74,14,-50,700,-2500,-1,-2500
2023/5/5,,134,,44,0,-30,0,-1500,-1,-1500
2023/5/8,,177,,11.5,43,-32.5,2150,-1625,-1,-1625
2023/5/9,,180,,2.9,3,-8.6,150,-430,-1,-430
2023/5/10,108,61,98,0.1,-119,-2.8,-5950,-140,-1,-140
2023/5/11,,49,,130,-62,29,-3100,1450,-1,1450
2023/5/12,,29,,123,-20,-7,-1000,-350,-1,-350
2023/5/15,,17.5,,108,-11.5,-15,-575,-750,-1,-750
2023/5/16,,103,,11,85.5,-97,4275,-4850,-1,-4850
2023/5/17,166,353,73,0.1,250,-10.9,12500,-545,1,-545
2023/5/18,,316,,23.5,147,-52.5,7350,-2625,1,7350
2023/5/19,,361,,13,45,-10.5,2250,-525,1,2250
2023/5/22,,340,,4.5,-21,-8.5,-1050,-425,1,-1050
2023/5/23,,348,,1.9,8,-2.6,400,-130,1,400
2023/5/24,153,299,65,0.3,-49,-1.6,-2450,-80,1,-2450
2023/5/25,,255,,28,99,-40,4950,-2000,1,4950
2023/5/26,,466,,6,211,-22,10550,-1100,1,10550
2023/5/29,,610,,1.6,144,-4.4,7200,-220,1,7200
2023/5/30,,595,,0.9,-15,-0.7,-750,-35,1,-750
2023/5/31,189,540,92,0.1,-55,-0.8,-2750,-40,1,-2750
2023/6/1,,162,,79,-30,-16,-1500,-800,1,-1500
2023/6/2,,330,,13.5,168,-65.5,8400,-3275,1,8400
2023/6/5,,278,,6.6,-52,-6.9,-2600,-345,1,-2600
2023/6/6,,320,,2.3,42,-4.3,2100,-215,1,2100
2023/6/7,152,456,88,0.1,136,-2.2,6800,-110,1,6800
2023/6/8,,58,,161,-97,70,-4850,3500,1,-4850
2023/6/9,,120,,65,62,-96,3100,-4800,1,3100
2023/6/12,,143,,26,23,-39,1150,-1950,1,1150
2023/6/13,,390,,1.8,247,-24.2,12350,-1210,1,12350
2023/6/14,130,393,131,0.3,3,-1.5,150,-75,1,150
2023/6/15,,199,,59,66,-75,3300,-3750,1,3300
2023/6/16,,134,,64,-65,5,-3250,250,1,-3250
2023/6/19,,97,,42,-37,-22,-1850,-1100,1,-1850
2023/6/20,,35.5,,46.5,-61.5,4.5,-3075,225,1,-3075
2023/6/21,223,30,50,0.1,-5.5,-46.4,-275,-2320,-1,-275
2023/6/26,,96,,43,-130,-10,-6500,-500,-1,-500
2023/6/27,,17,,86,-79,43,-3950,2150,-1,2150
2023/6/28,144,0.1,93,69,-16.9,-17,-845,-850,-1,-850
2023/6/29,,133,,84,-14,-12,-700,-600,-1,-600
2023/6/30,,137,,50,4,-34,200,-1700,-1,-1700
2023/7/3,,340,,4.9,203,-45.1,10150,-2255,-1,-2255
2023/7/4,,400,,0.9,60,-4,3000,-200,-1,-200
2023/7/5,126,276,96,0.3,-124,-0.6,-6200,-30,1,-30
2023/7/6,,18,,304,-111,205,-5550,10250,1,-5550
2023/7/7,,8.7,,349,-9.3,45,-465,2250,1,-465
2023/7/10,,1.9,,421,-6.8,72,-340,3600,1,-340
2023/7/11,,14,,117,12.1,-304,605,-15200,1,605
2023/7/12,146,0.1,121,86,-13.9,-31,-695,-1550,1,-695
2023/7/13,,238,,52,89,-72,4450,-3600,1,4450
2023/7/14,,406,,12,168,-40,8400,-2000,1,8400
2023/7/17,,391,,4.2,-15,-7.8,-750,-390,1,-750
2023/7/18,,325,,2.8,-66,-1.4,-3300,-70,1,-3300
2023/7/19,183,203,113,0.2,-122,-2.6,-6100,-130,-1,-6100
2023/7/20,,196,,79,10,-37,500,-1850,-1,-1850
2023/7/21,,75,,133,-121,54,-6050,2700,-1,2700
2023/7/24,,66,,92,-9,-41,-450,-2050,-1,-2050
2023/7/25,,185,,9,119,-83,5950,-4150,-1,-4150
2023/7/26,149,104,118,0.1,-81,-8.9,-4050,-445,-1,-445
2023/7/27,,210,,55,58,-66,2900,-3300,-1,-3300
2023/7/28,,221,,31.5,11,-23.5,550,-1175,-1,-1175
2023/7/31,,94,,68,-127,36.5,-6350,1825,-1,1825
2023/8/1,,116,,21.5,22,-46.5,1100,-2325,-1,-2325
2023/8/2,160,0.1,144,246,-115.9,224.5,-5795,11225,-1,11225
2023/8/4,,132,,100,-31,-47,-1550,-2350,-1,-2350
2023/8/7,,228,,25.5,96,-74.5,4800,-3725,-1,-3725
2023/8/8,,105,,37.5,-123,12,-6150,600,-1,600
2023/8/9,150,71,147,0.3,-34,-37.2,-1700,-1860,-1,-1860
2023/8/10,,60,,253,-93,103,-4650,5150,-1,5150
2023/8/11,,25.5,,252,-34.5,-1,-1725,-50,-1,-50
2023/8/14,,2,,475,-23.5,223,-1175,11150,-1,11150
2023/8/15,,0.7,,430,-1.3,-45,-65,-2250,-1,-2250
2023/8/16,174,0.1,115,486,-0.6,56,-30,2800,-1,2800
2023/8/17,,204,,66,27,-52,1350,-2600,-1,-2600
2023/8/18,,133,,97,-71,31,-3550,1550,-1,1550
2023/8/21,,97,,73,-36,-24,-1800,-1200,-1,-1200
2023/8/22,,109,,26.5,12,-46.5,600,-2325,-1,-2325
2023/8/23,278,206,67,0.1,97,-26.4,4850,-1320,1,-1320
2023/8/24,,433,,12.5,152,-57.5,7600,-2875,1,7600
2023/8/25,,167,,67,-266,54.5,-13300,2725,1,-13300
2023/8/28,,182,,23.5,15,-43.5,750,-2175,1,750
2023/8/29,,291,,1.3,109,-22.2,5450,-1110,1,5450
2023/8/30,133,381,98,0.1,90,-1.2,4500,-60,-1,4500
2023/8/31,,82,,131,-54,30,-2700,1500,-1,1500
