最後結算日,契約月份
2017/1/4,201701W1
2017/1/11,201701W2
2017/1/18,201701
2017/2/2,201701W4
2017/2/8,201702W2
2017/2/15,201702
2017/2/22,201702W4
2017/3/1,201703W1
2017/3/8,201703W2
2017/3/15,201703
2017/3/22,201703W4
2017/3/29,201703W5
2017/4/5,201704W1
2017/4/12,201704W2
2017/4/19,201704
2017/4/26,201704W4
2017/5/3,201705W1
2017/5/10,201705W2
2017/5/17,201705
2017/5/24,201705W4
2017/5/31,201705W5
2017/6/7,201706W1
2017/6/14,201706W2
2017/6/21,201706
2017/6/28,201706W4
2017/7/5,201707W1
2017/7/12,201707W2
2017/7/19,201707
2017/7/26,201707W4
2017/8/2,201708W1
2017/8/9,201708W2
2017/8/16,201708
2017/8/23,201708W4
2017/8/30,201708W5
2017/9/6,201709W1
2017/9/13,201709W2
2017/9/20,201709
2017/9/27,201709W4
2017/10/5,201710W1
2017/10/11,201710W2
2017/10/18,201710
2017/10/25,201710W4
2017/11/1,201711W1
2017/11/8,201711W2
2017/11/15,201711
2017/11/22,201711W4
2017/11/29,201711W5
2017/12/6,201712W1
2017/12/13,201712W2
2017/12/20,201712
2017/12/27,201712W4
2018/1/3,201801W1
2018/1/10,201801W2
2018/1/17,201801
2018/1/24,201801W4
2018/1/31,201801W5
2018/2/7,201802W1
2018/2/21,201802
2018/3/1,201802W4
2018/3/7,201803W1
2018/3/14,201803W2
2018/3/21,201803
2018/3/28,201803W4
2018/4/9,201804W1
2018/4/11,201804W2
2018/4/18,201804
2018/4/25,201804W4
2018/5/2,201805W1
2018/5/9,201805W2
2018/5/16,201805
2018/5/23,201805W4
2018/5/30,201805W5
2018/6/6,201806W1
2018/6/13,201806W2
2018/6/20,201806
2018/6/27,201806W4
2018/7/4,201807W1
2018/7/11,201807W2
2018/7/18,201807
2018/7/25,201807W4
2018/8/1,201808W1
2018/8/8,201808W2
2018/8/15,201808
2018/8/22,201808W4
2018/8/29,201808W5
2018/9/5,201809W1
2018/9/12,201809W2
2018/9/19,201809
2018/9/26,201809W4
2018/10/3,201810W1
2018/10/11,201810W2
2018/10/17,201810
2018/10/24,201810W4
2018/10/31,201810W5
2018/11/7,201811W1
2018/11/14,201811W2
2018/11/21,201811
2018/11/28,201811W4
2018/12/5,201812W1
2018/12/12,201812W2
2018/12/19,201812
2018/12/26,201812W4
2019/1/2,201901W1
2019/1/9,201901W2
2019/1/16,201901
2019/1/23,201901W4
2019/1/30,201901W5
2019/2/11,201902W1
2019/2/13,201902W2
2019/2/20,201902
2019/2/27,201902W4
2019/3/6,201903W1
2019/3/13,201903W2
2019/3/20,201903
2019/3/27,201903W4
2019/4/3,201904W1
2019/4/10,201904W2
2019/4/17,201904
2019/4/24,201904W4
2019/5/2,201905W1
2019/5/8,201905W2
2019/5/15,201905
2019/5/22,201905W4
2019/5/29,201905W5
2019/6/5,201906W1
2019/6/12,201906W2
2019/6/19,201906
2019/6/26,201906W4
2019/7/3,201907W1
2019/7/10,201907W2
2019/7/17,201907
2019/7/24,201907W4
2019/7/31,201907W5
2019/8/7,201908W1
2019/8/14,201908W2
2019/8/21,201908
2019/8/28,201908W4
2019/9/4,201909W1
2019/9/11,201909W2
2019/9/18,201909
2019/9/25,201909W4
2019/10/2,201910W1
2019/10/9,201910W2
2019/10/16,201910
2019/10/23,201910W4
2019/10/30,201910W5
2019/11/6,201911W1
2019/11/13,201911W2
2019/11/20,201911
2019/11/27,201911W4
2019/12/4,201912W1
2019/12/11,201912W2
2019/12/18,201912
2019/12/25,201912W4
2020/1/2,202001W1
2020/1/8,202001W2
2020/1/15,202001
2020/1/30,202001W4
2020/2/5,202002W1
2020/2/12,202002W2
2020/2/19,202002
2020/2/26,202002W4
2020/3/4,202003W1
2020/3/11,202003W2
2020/3/18,202003
2020/3/25,202003W4
2020/4/1,202004W1
2020/4/8,202004W2
2020/4/15,202004
2020/4/22,202004W4
2020/4/29,202004W5
2020/5/6,202005W1
2020/5/13,202005W2
2020/5/20,202005
2020/5/27,202005W4
2020/6/3,202006W1
2020/6/10,202006W2
2020/6/17,202006
2020/6/24,202006W4
2020/7/1,202007W1
2020/7/8,202007W2
2020/7/15,202007
2020/7/22,202007W4
2020/7/29,202007W5
2020/8/5,202008W1
2020/8/12,202008W2
2020/8/19,202008
2020/8/26,202008W4
2020/9/2,202009W1
2020/9/9,202009W2
2020/9/16,202009
2020/9/23,202009W4
2020/9/30,202009W5
2020/10/7,202010W1
2020/10/14,202010W2
2020/10/21,202010
2020/10/28,202010W4
2020/11/4,202011W1
2020/11/11,202011W2
2020/11/18,202011
2020/11/25,202011W4
2020/12/2,202012W1
2020/12/9,202012W2
2020/12/16,202012
2020/12/23,202012W4
2020/12/30,202012W5
2021/1/6,202101W1
2021/1/13,202101W2
2021/1/20,202101
2021/1/27,202101W4
2021/2/3,202102W1
2021/2/17,202102
2021/2/24,202102W4
2021/3/3,202103W1
2021/3/10,202103W2
2021/3/17,202103
2021/3/24,202103W4
2021/3/31,202103W5
2021/4/7,202104W1
2021/4/14,202104W2
2021/4/21,202104
2021/4/28,202104W4
2021/5/5,202105W1
2021/5/12,202105W2
2021/5/19,202105
2021/5/26,202105W4
2021/6/2,202106W1
2021/6/9,202106W2
2021/6/16,202106
2021/6/23,202106W4
2021/6/30,202106W5
2021/7/7,202107W1
2021/7/14,202107W2
2021/7/21,202107
2021/7/28,202107W4
2021/8/4,202108W1
2021/8/11,202108W2
2021/8/18,202108
2021/8/25,202108W4
2021/9/1,202109W1
2021/9/8,202109W2
2021/9/15,202109
2021/9/22,202109W4
2021/9/29,202109W5
2021/10/6,202110W1
2021/10/13,202110W2
2021/10/20,202110
2021/10/27,202110W4
2021/11/3,202111W1
2021/11/10,202111W2
2021/11/17,202111
2021/11/24,202111W4
2021/12/1,202112W1
2021/12/8,202112W2
2021/12/15,202112
2021/12/22,202112W4
2021/12/29,202112W5
2022/1/5,202201W1
2022/1/12,202201W2
2022/1/19,202201
2022/1/26,202201W4
2022/2/7,202202W1
2022/2/9,202202W2
2022/2/16,202202
2022/2/23,202202W4
2022/3/2,202203W1
2022/3/9,202203W2
2022/3/16,202203
2022/3/23,202203W4
2022/3/30,202203W5
2022/4/6,202204W1
2022/4/13,202204W2
2022/4/20,202204
2022/4/27,202204W4
2022/5/4,202205W1
2022/5/11,202205W2
2022/5/18,202205
2022/5/25,202205W4
2022/6/1,202206W1
2022/6/8,202206W2
2022/6/15,202206
2022/6/22,202206W4
2022/6/29,202206W5
2022/7/6,202207W1
2022/7/13,202207W2
2022/7/20,202207
2022/7/27,202207W4
2022/8/3,202208W1
2022/8/10,202208W2
2022/8/17,202208
2022/8/24,202208W4
2022/8/31,202208W5
2022/9/7,202209W1
2022/9/14,202209W2
2022/9/21,202209
2022/9/28,202209W4
2022/10/5,202210W1
2022/10/12,202210W2
2022/10/19,202210
2022/10/26,202210W4
2022/11/2,202211W1
2022/11/9,202211W2
2022/11/16,202211
2022/11/23,202211W4
2022/11/30,202211W5
2022/12/7,202212W1
2022/12/14,202212W2
2022/12/21,202212
2022/12/28,202212W4
2023/1/4,202301W1
2023/1/11,202301W2
2023/1/30,202301
2023/2/1,202302W1
2023/2/8,202302W2
2023/2/15,202302
2023/2/22,202302W4
2023/3/1,202303W1
2023/3/8,202303W2
2023/3/15,202303
2023/3/22,202303W4
2023/3/29,202303W5
2023/4/6,202304W1
2023/4/12,202304W2
2023/4/19,202304
2023/4/26,202304W4
2023/5/3,202305W1
2023/5/10,202305W2
2023/5/17,202305
2023/5/24,202305W4
2023/5/31,202305W5
2023/6/7,202306W1
2023/6/14,202306W2
2023/6/21,202306
2023/6/28,202306W4
2023/7/5,202307W1
2023/7/12,202307W2
2023/7/19,202307
2023/7/26,202307W4
2023/8/2,202308W1
2023/8/9,202308W2
2023/8/16,202308
2023/8/23,202308W4
2023/8/30,202308W5
